{
	"class_name" : "PinholeCameraParameters",
	"extrinsic" : 
	[
		0.98676646091668974,
		0.065250281418667594,
		-0.14843972643714931,
		0.0,
		-0.057391276458554914,
		-0.71565150572176517,
		-0.69609565703617782,
		0.0,
		-0.15165155124959573,
		0.69540299333045374,
		-0.70243610661086908,
		0.0,
		166.82881715806056,
		-961.98183589777852,
		877.0044898251856,
		1.0
	],
	"intrinsic" : 
	{
		"height" : 1080,
		"intrinsic_matrix" : 
		[
			935.30743608719376,
			0.0,
			0.0,
			0.0,
			935.30743608719376,
			0.0,
			959.5,
			539.5,
			1.0
		],
		"width" : 1920
	},
	"version_major" : 1,
	"version_minor" : 0
}