{
	"class_name" : "PinholeCameraParameters",
	"extrinsic" : 
	[
		0.97727413068966429,
		0.092164994642199613,
		-0.19089496391304941,
		0.0,
		-0.17455721035499983,
		-0.16104568196486185,
		-0.97138770253362439,
		0.0,
		-0.1202707520465448,
		0.9826341649276582,
		-0.14129771448640865,
		0.0,
		117.91669012618055,
		-1300.6927845618402,
		124.27773498977574,
		1.0
	],
	"intrinsic" : 
	{
		"height" : 1080,
		"intrinsic_matrix" : 
		[
			935.30743608719376,
			0.0,
			0.0,
			0.0,
			935.30743608719376,
			0.0,
			959.5,
			539.5,
			1.0
		],
		"width" : 1920
	},
	"version_major" : 1,
	"version_minor" : 0
}